{"main":{"language":"en","lastHostname":"192.168.0.26","darkTheme":true,"useBinaryPrefix":true,"disableAutoComplete":false,"settingsStorageLocal":false,"settingsSaveDelay":2000,"cacheStorageLocal":true,"cacheSaveDelay":4000,"notifications":{"errorsPersistent":true,"timeout":2000},"webcam":{"url":"","updateInterval":5000,"liveUrl":"","useFix":false,"embedded":false,"rotation":0,"flip":"none"},"enabledPlugins":["Height Map","Object Model Browser","G-Code Viewer"],"plugins":{}},"machine":{"ajaxRetries":2,"updateInterval":250,"extendedUpdateEvery":20,"fileTransferRetryThreshold":358400,"crcUploads":true,"pingInterval":2000,"updateDelay":0,"babystepAmount":0.05,"codes":["M0","M1","M201 X2000.00 Y1500.00","M201 X3000.00 Y2500.00","M208 X0:330 Y-12:330 Z0:400","M303 H0 P1 S60","M303 H1 S210","M557 X0:290 Y2:292 S36.25","M558 P5 C\"!zstopmax\" H10 F600 T12000","M558 P5 C\"ystopmax\" H10 F600 T12000","M558 P5 C\"zmax\" H10 F600 T12000","M558 P5 C\"zstopmax\" H10 F600 T12000","M569 P3 S1","M574","M574 X1 S1 P\"!^xstop\"","M574 X1 S1 P\"!xstop\"","M574 X1 S1 P\"^xstop\"","M574 X1 S1 P\"xstop\"","M574 Z1 S1 P\"!zstop\"","M574 Z1 S1 P\"^!zstop\"","M574 Z1 S1 P\"^zstop\"","M574 Z1 S1 P\"zstop\"","M575 P1","M575 P1 S0 B57600","M84","M906","M906 X1000 Y1000 Z600 E800 I30","M906 X700 Y700 Z600 E700 I30","M906 X800 Y800","M906 x700 Y700","M92 X200.00 Y200.00","M950 F1 C\"fan1\" Q100","M950 F1 C\"fan1\" Q500","g1 x0 y0","g1 x0 y0 z10","g1 x0 y0 z5","g1 x10 y10","g1 x10 y10 f6000","g1 x10 y10 f9000","g1 x10 y290","g1 x10 y300 f6000","g1 x100 y100 f2100","g1 x100 y100 f2400","g1 x100 y100 f2700","g1 x100 y100 f300","g1 x100 y100 f3000","g1 x100 y100 f3300","g1 x100 y100 f3600","g1 x100 y100 z10 f6000","g1 x100 y200 f1800","g1 x100 y200 f2700","g1 x100 y200 f3600","g1 x100 y300 f2100","g1 x100 y300 f2400","g1 x100 y300 f2700","g1 x100 y300 f2880","g1 x100 y300 f3000","g1 x100 y300 f3300","g1 x100 y300 f3600","g1 x160 y10 f6000","g1 x160 y10 f9000","g1 x160 y160 z","g1 x160 y160 z.1","g1 x160 y160 z.2","g1 x160 y160 z.3","g1 x160 y160 z.4","g1 x160 y160 z.5","g1 x160 y160 z0","g1 x160 y160 z1","g1 x160 y160 z10","g1 x160 y160 z2","g1 x160 y160 z5","g1 x160 y290","g1 x160 y290 f6000","g1 x20 y20 f9000","g1 x20 y290 f9000","g1 x200 y200 f2400","g1 x200 y200 f2700","g1 x290 y290 f9000","g1 x30 y10 z.0","g1 x30 y10 z.1","g1 x30 y10 z.25","g1 x30 y10 z.3","g1 x30 y10 z.4","g1 x30 y10 z.5","g1 x30 y10 z1","g1 x30 y10 z10","g1 x30 y10 z10 f9000","g1 x300 y300 f2700","g1 x310 y10","g1 x310 y290","g1 y300","g1 z 120","g1 z.0","g1 z.1","g1 z.2","g1 z.5","g1 z0","g1 z0.","g1 z0.0","g1 z0.1","g1 z0.2","g1 z0.5","g1 z1","g1 z1.5","g1 z10","g1 z100","g1 z120","g1 z2","g1 z20","g1 z200","g1 z200 f420","g1 z250 f900","g1 z300","g1 z300 f600","g1 z350","g1 z5","g1 z50","g28 x","g28 y","g28 z","g29 s0","g32","m106 s0","m106 s1","m119","m122","m18 e","m201","m201 e1000","m201 e2000","m201 x2000 y1250","m201 x2000 y1500","m201 x2500 y1500","m201 x3000 y2500","m558","m569 p0","m569 p0 v","m574","m574 x1 s1 p\"xstop\"","m906","m906 e700","m906 x1000 y1000","m92"],"displayedExtraTemperatures":[],"displayedExtruders":[0,1],"displayedFans":[-1,0,1,2],"moveSteps":{"X":[100,50,10,1,0.1],"Y":[100,50,10,1,0.1],"Z":[50,25,5,0.5,0.05],"default":[100,50,10,1,0.1]},"moveFeedrate":6000,"extruderAmounts":[100,50,20,10,5,1],"extruderFeedrates":[60,30,15,5,1],"temperatures":{"tool":{"active":[215,210],"standby":[0]},"bed":{"active":[55,50],"standby":[]},"chamber":[90,80,70,60,50,40,0]},"spindleRPM":[10000,75000,5000,2500,1000,0],"enabledPlugins":[],"plugins":{}}}